-- Заполнение faculty
INSERT INTO faculty (id, speciality, qualification, speciality_code) VALUES
(1, 'Специалист по информационным системам', 'Специалист по информационным системам', '09.02.07'),
(2, 'Компьютерные системы и комплексы', 'Техник по компьютерным системам', '09.02.01'),
(3, 'Сетевое и системное администрирование', 'Сетевой и системный администратор', '09.02.06');

-- Заполнение semester
INSERT INTO semester (id, "number") VALUES
(1, 1),
(2, 2),
(3, 3),
(4, 4),
(5, 5),
(6, 6),
(7, 7),
(8, 8);

-- Заполнение student_group
INSERT INTO student_group (id ,group_name, faculty_id) VALUES
(1, 'Исп452', 1),
(2, 'Исп452Д', 1),
(3, 'КСК412', 2),
(4, 'СА412', 3),
(5, 'СА415', 3);

-- Заполнение student
INSERT INTO student (id, firstname, lastname, surname, group_id) VALUES
(1, 'Егор', 'Александрович', 'Евдокимов', 1),
(2, 'Михаил', 'Алексеевич', 'Чеботарёв', 1),
(3, 'Иван', 'Денисович', 'Прохоров', 1),
(4, 'Алиса', 'Алексеевна', 'Покровская', 1),
(5, 'Валентин', 'Романович', 'Погодичев', 1),
(6, 'Анастасия', 'Анатольевна', 'Гришина', 1),
(7, 'Иван', 'Александрович', 'Борисенко', 2),
(8, 'Никита', 'Александрович', 'Волобуев', 2),
(9, 'Андрей', 'Романович', 'Суханов', 2),
(10, 'Александр', 'Романович', 'Томилин', 2),
(11, 'Данила', 'Андреевич', 'Феденко', 2),
(12, 'Матвей', 'Дмитриевич', 'Чебанов', 2),
(13, 'Максим', 'Владимирович', 'Чебров', 2),
(14, 'Матвей', 'Игоревич', 'Буланкин', 3),
(15, 'Кино', 'Льевич', 'Вейс', 3),
(16, 'Егор', 'Антонович', 'Громов', 3),
(17, 'Максим', 'Николаевич', 'Демидов', 3),
(18, 'Владислав', 'Олегович', 'Еремченко', 3),
(19, 'Андрей', 'Владимирович', 'Карпенкин', 3),
(20, 'Олег', 'Владиславович', 'Баженов', 4),
(21, 'Никита', 'Андреевич', 'Гаман', 4),
(22, 'Никита', 'Александрович', 'Гаранин', 4),
(23, 'Диана', 'Руслановна', 'Зятикова', 4),
(24, 'Яков', 'Александрович', 'Иванов', 4),
(25, 'Андрей', 'Александрович', 'Компаниец', 4),
(26, 'Михаил', 'Дмитриевич', 'Агеев', 5),
(27, 'Ильдар', 'Александрович', 'Измайлов', 5),
(28, 'Виталик', 'Самвелович', 'Исоян', 5),
(29, 'Эдуард', 'Артурович', 'Кадышев', 5),
(30, 'Владислав', 'Романович', 'Коноплев', 5),
(31, 'Илья', 'Алексеевич', 'Кудинов', 5),
(32, 'Станислав', 'Сергеевич', 'Логинов', 5);

-- Заполнение teacher
INSERT INTO teacher (id, surname, firstname, lastname) VALUES
(1,	'Бадалова'	,'Эрика'	,'Кадыровна'),
(2,	'Бороденкова',	'Ирина'	,'Вячеславовна'),
(3	,'Ворокова',	'Мария',	'Николаевна'),
(4,'Гирей',	'Анастасия',	'Викторовна'),
(5,'Демир',	'Ирэм',	'Камиловна'),
(6,'Джумаев',	'Павел',	'Тимурович'),
(7,	'Киркин',	'Сергей'	,'Денисович'),
(8,	'Колисниченко',	'Иван',	'Сергеевич'),
(9,	'Колонтаева',	'Марфа',	'Евгеньевна'),
(10,	'Комлев','Глеб',	'Сергеевич'),
(11,	'Крепостнов',	'Илья',	'Александрович'),
(12,	'Кричфалуши',	'Владимир',	'Иванович'),
(13,	'Ксёнз',	'Виктория',	'Анатольевна'),
(14,	'Кудяков',	'Ринат',	'Хайдарович'),
(15,	'Кузьмина',	'Ольга',	'Борисовна'),
(16,	'Курзанов',	'Никита',	'Владимирович'),
(17	,'Лазарев',	'Юрий',	'Викторович'),
(18	,'Лисавина',	'Алёна',	'Вадимовна'),
(19	,'Маньковская',	'Лика',	'Петровна'),
(20,	'Маскаева',	'Александра',	'Михайловна'),
(21,	'Медведева',	'Антонина',	'Юрьевна'),
(22,	'Михаилянц',	'Елена',	'Сергеевна'),
(23	,'Мустафин',	'Руслан',	'Ренатович'),
(24	,'Негинская',	'Наталья',	'Борисовна'),
(25	,'Новиков','Герман',	'Сергеевич'),
(26	,'Орешкина',	'Валентина',	'Валерьевна'),
(27	,'Османова',	'Эллада',	'Яшаровна'),
(28	,'Петров',	'Александр',	'Федорович'),
(29	,'Парамонов',	'Игорь',	'Владимирович'),
(30	,'Подковко',	'Егор',	'Васильевич'),
(31	,'Радостева',	'Наталья',	'Анатольевна'),
(32	,'Савина',	'Елена',	'Владимировна'),
(33	,'Сенькина',	'Татьяна',	'Ивановна'),
(34	,'Ступаков',	'Владимир',	'Владимирович'),
(35	,'Сарана',	'Юрий',	'Игоревич'),
(36	,'Топильский',	'Алексей',	'Викторович'),
(37	,'Фирстов',	'Павел',	'Владимирович'),
(38	,'Хохлова',	'Ольга',	'Евгеньевна'),
(39	,'Чугунов',	'Антон',	'Александрович'),
(40	,'Шацкий',	'Сергей',	'Александрович'),
(41	,'Широких',	'Елена',	'Владимировна'),
(42	,'Юмашева',	'Анастасия',	'Юрьевна'),
(43	,'Яковлева',	'Ольга',	'Геннадьевна');

-- Заполнение certification
INSERT INTO certification (id, certification_type) VALUES
(1, 'Дифференцированный зачёт'),
(2, 'Зачет'),
(3, 'Экзамен');

-- Заполнение subject
INSERT INTO subject (id, hours, index, subject, faculty_id, semester_id) VALUES
(1, 30, 'ОУД.04', 'Иностранный язык', 1, 7),
(2, 16, 'ОУД.06', 'Физическая культура', 1, 8),
(3, 30, 'ОУД.08', 'Математика', 1, 7),
(4, 16, 'ОУД.09', 'Информатика', 1, 8),
(5, 45, 'ОГСЭ.04', 'Иностранный язык в профессиональной деятельности', 1, 7),
(6, 24, 'ОГСЭ.06', 'Основы финансовой грамотности и предпринимательской деятельности', 1, 8),
(7, 75, 'ОП.12', 'Менеджмент в профессиональной деятельности', 1, 7),
(8, 40, 'МДК.05.03', 'Тестирование информационных систем', 1, 8),
(9, 110, 'УП.10', 'Учебная практика', 1, 7),
(10, 8, 'ГИА.00', 'Государственная итоговая аттестация', 1, 8),
(11, 110, 'ОУД.04', 'Иностранный язык', 1, 7),
(12, 40, 'ОУД.08', 'Математика', 1, 8),
(13, 90, 'ОУД.09', 'Информатика', 1, 7),
(14, 48, 'ОГСЭ.06', 'Основы финансовой грамотности и предпринимательской деятельности', 1, 7),
(15, 45, 'ЕН.01', 'Элементы высшей математики', 1, 7),
(16, 45, 'МДК.07.02', 'Сертификация информационных систем', 1, 7),
(17, 62, 'МДК.07.01', 'Управление и автоматизация баз данных', 1, 8),
(18, 108, 'МДК.05.03', 'Тестирование информационных систем', 1, 8),
(19, 120, 'ПП.10', 'Производственная практика', 1, 7),
(20, 8, 'ПМ.10 ЭК', 'Экзамен по профессиональному модулю', 1, 7),
(21, 8, 'ГИА.00', 'Государственная итоговая аттестация', 1, 8),
(22, 18, 'ОУД.04', 'Иностранный язык', 3, 8),
(23, 62, 'ОУД.08', 'Математика', 3, 8),
(24, 74, 'ОУД.09', 'Информатика', 3, 7),
(25, 58, 'ОГСЭ.05', 'Физическая культура', 3, 7),
(26, 110, 'ОГСЭ.06/АД.01', 'Основы финансовой грамотности и предпринимательской деятельности / Социальная адаптация и основы финансовой грамотности в условиях современного рынка труда', 3, 8),
(27, 108, 'ОП.10', 'Основы электротехники', 3, 7),
(28, 110, 'ОП.12', 'Основы теории информации', 3, 8),
(29, 108, 'УП.03', 'Учебная практика', 3, 8),
(30, 120, 'ПП.03', 'Производственная практика', 3, 7),
(31, 8, 'ПМ.03 ЭК', 'Экзамен по профессиональному модулю', 3, 8),
(32, 8, 'ГИА.00', 'Государственная итоговая аттестация', 3, 8),
(33, 24, 'ОУД.05', 'История', 2, 8),
(34, 26, 'ОУД.09', 'Информатика', 2, 7),
(35, 37, 'ОГСЭ.03', 'Иностранный язык', 2, 7),
(36, 66, 'ОГСЭ.05', 'Основы финансовой грамотности и предпринимательской деятельности', 2, 8),
(37, 44, 'ОП.06', 'Метрология, стандартизация и сертификация', 2, 8),
(38, 100, 'ОП.07', 'Операционные системы и среды', 2, 8),
(39, 88, 'ОП.15/АД.02', 'Облачные технологии / Социальная адаптация и основы социально-правовых знаний', 2, 8),
(40, 150, 'МДК.01.02', 'Проектирование цифровых устройств', 2, 7),
(41, 112, 'ПМ.02 ЭК', 'Экзамен по профессиональному модулю ПМ.02*', 2, 8),
(42, 90, 'ПМ.03', 'Техническое обслуживание и ремонт компьютерных систем и комплексов', 2, 8),
(43, 108, 'МДК.05.02', 'Организация администрирования компьютерных систем', 2, 7),
(44, 120, 'МДК.05.03', 'Управление сетевыми сервисами', 2, 7),
(45, 8, 'ПМ.05 ЭК', 'Экзамен по профессиональному модулю ПМ.05', 2, 7),
(46, 8, 'ГИА.00', 'Государственная итоговая аттестация', 2, 8),
(47, 45, 'ОУД.04', 'Иностранный язык', 3, 8),
(48, 45, 'ОУД.08', 'Математика', 3, 8),
(49, 62, 'ОУД.09', 'Информатика', 3, 7),
(50, 26, 'ОГСЭ.05', 'Физическая культура', 3, 7),
(51, 20, 'ОП.01', 'Операционные системы и среды', 3, 8),
(52, 110, 'ОП.09', 'Стандартизация, сертификация и техническое документоведение', 3, 7),
(53, 108, 'ОП.10', 'Основы электротехники', 3, 7),
(54, 110, 'ОП.12', 'Основы теории информации', 3, 8),
(55, 108, 'УП.03', 'Учебная практика', 3, 8),
(56, 120, 'ПП.03', 'Производственная практика', 3, 7),
(57, 8, 'ПМ.03 ЭК', 'Экзамен по профессиональному модулю', 3, 8),
(58, 8, 'ГИА.00', 'Государственная итоговая аттестация', 3, 8);

-- Заполнение record_book (примеры оценок)
INSERT INTO record_book (id, grade, id_certification, id_group, id_semester, id_student, id_subject, id_teacher) VALUES
(1, '5(Отлично)', 1, 1, 7, 1, 1, 15),
(2, '4(Хорошо)', 1, 1, 7, 1, 3, 8),
(3, '5(Отлично)', 1, 1, 7, 1, 5, 15),
(4, 'Незачет', 2, 1, 7, 1, 7, 20),
(5, 'Незачет', 2, 1, 7, 1, 9, 35),
(6, 'Незачет', 2, 1, 8, 1, 2, 30),
(7, '5(Отлично)', 1, 1, 8, 1, 4, 10),
(8, 'Незачет', 2, 1, 8, 1, 6, 20),
(9, '4(Хорошо)', 1, 1, 8, 1, 8, 35),
(10, '5(Отлично)', 3, 1, 8, 1, 10, 40),
(11, '4(Хорошо)', 1, 1, 7, 2, 1, 15),
(12, '3(Удовлетворительно)', 1, 1, 7, 2, 3, 8),
(13, '4(Хорошо)', 1, 1, 7, 2, 5, 15),
(14, 'Незачет', 2, 1, 7, 2, 7, 20),
(15, 'Незачет', 2, 1, 7, 2, 9, 35),
(16, 'Незачет', 2, 1, 8, 2, 2, 30),
(17, '4(Хорошо)', 1, 1, 8, 2, 4, 10),
(18, 'Незачет', 2, 1, 8, 2, 6, 20),
(19, '3(Удовлетворительно)', 1, 1, 8, 2, 8, 35),
(20, '4(Хорошо)', 3, 1, 8, 2, 10, 40),
(21, '3(Удовлетворительно)', 1, 1, 7, 3, 1, 15),
(22, '4(Хорошо)', 1, 1, 7, 3, 3, 8),
(23, '3(Удовлетворительно)', 1, 1, 7, 3, 5, 15),
(24, 'Незачет', 2, 1, 7, 3, 7, 20),
(25, 'Незачет', 2, 1, 7, 3, 9, 35),
(26, 'Незачет', 2, 1, 8, 3, 2, 30),
(27, '3(Удовлетворительно)', 1, 1, 8, 3, 4, 10),
(28, 'Незачет', 2, 1, 8, 3, 6, 20),
(29, '4(Хорошо)', 1, 1, 8, 3, 8, 35),
(30, '3(Удовлетворительно)', 3, 1, 8, 3, 10, 40),
(31, '4(Хорошо)', 1, 1, 7, 4, 1, 15),
(32, '3(Удовлетворительно)', 1, 1, 7, 4, 3, 8),
(33, '4(Хорошо)', 1, 1, 7, 4, 5, 15),
(34, 'Незачет', 2, 1, 7, 4, 7, 20),
(35, 'Незачет', 2, 1, 7, 4, 9, 35),
(36, 'Незачет', 2, 1, 8, 4, 2, 30),
(37, '4(Хорошо)', 1, 1, 8, 4, 4, 10),
(38, 'Незачет', 2, 1, 8, 4, 6, 20),
(39, '3(Удовлетворительно)', 1, 1, 8, 4, 8, 35),
(40, '4(Хорошо)', 3, 1, 8, 4, 10, 40),
(41, '5(Отлично)', 1, 1, 7, 5, 1, 15),
(42, '5(Отлично)', 1, 1, 7, 5, 3, 8),
(43, '5(Отлично)', 1, 1, 7, 5, 5, 15),
(44, 'Незачет', 2, 1, 7, 5, 7, 20),
(45, 'Незачет', 2, 1, 7, 5, 9, 35),
(46, 'Незачет', 2, 1, 8, 5, 2, 30),
(47, '5(Отлично)', 1, 1, 8, 5, 4, 10),
(48, 'Незачет', 2, 1, 8, 5, 6, 20),
(49, '5(Отлично)', 1, 1, 8, 5, 8, 35),
(50, '5(Отлично)', 3, 1, 8, 5, 10, 40),
(51, '3(Удовлетворительно)', 1, 1, 7, 6, 1, 15),
(52, '3(Удовлетворительно)', 1, 1, 7, 6, 3, 8),
(53, '4(Хорошо)', 1, 1, 7, 6, 5, 15),
(54, 'Незачет', 2, 1, 7, 6, 7, 20),
(55, 'Незачет', 2, 1, 7, 6, 9, 35),
(56, 'Незачет', 2, 1, 8, 6, 2, 30),
(57, '3(Удовлетворительно)', 1, 1, 8, 6, 4, 10),
(58, 'Незачет', 2, 1, 8, 6, 6, 20),
(59, '3(Удовлетворительно)', 1, 1, 8, 6, 8, 35),
(60, '4(Хорошо)', 3, 1, 8, 6, 10, 40),
(61, '4(Хорошо)', 1, 2, 7, 7, 11, 15),
(62, '4(Хорошо)', 1, 2, 7, 7, 13, 10),
(63, 'Незачет', 2, 2, 7, 7, 14, 20),
(64, '3(Удовлетворительно)', 1, 2, 7, 7, 15, 25),
(65, '4(Хорошо)', 1, 2, 7, 7, 16, 35),
(66, 'Незачет', 2, 2, 7, 7, 19, 40),
(67, '4(Хорошо)', 3, 2, 7, 7, 20, 40),
(68, '3(Удовлетворительно)', 1, 2, 8, 7, 12, 25),
(69, '4(Хорошо)', 1, 2, 8, 7, 17, 35),
(70, '3(Удовлетворительно)', 1, 2, 8, 7, 18, 35),
(71, '4(Хорошо)', 3, 2, 8, 7, 21, 40),
(72, '3(Удовлетворительно)', 1, 2, 7, 8, 11, 15),
(73, '4(Хорошо)', 1, 2, 7, 8, 13, 10),
(74, 'Незачет', 2, 2, 7, 8, 14, 20),
(75, '4(Хорошо)', 1, 2, 7, 8, 15, 25),
(76, '3(Удовлетворительно)', 1, 2, 7, 8, 16, 35),
(77, 'Незачет', 2, 2, 7, 8, 19, 40),
(78, '3(Удовлетворительно)', 3, 2, 7, 8, 20, 40),
(79, '4(Хорошо)', 1, 2, 8, 8, 12, 25),
(80, '3(Удовлетворительно)', 1, 2, 8, 8, 17, 35),
(81, '4(Хорошо)', 1, 2, 8, 8, 18, 35),
(82, '3(Удовлетворительно)', 3, 2, 8, 8, 21, 40),
(83, '4(Хорошо)', 1, 2, 7, 9, 11, 15),
(84, '5(Отлично)', 1, 2, 7, 9, 13, 10),
(85, 'Незачет', 2, 2, 7, 9, 14, 20),
(86, '4(Хорошо)', 1, 2, 7, 9, 15, 25),
(87, '5(Отлично)', 1, 2, 7, 9, 16, 35),
(88, 'Незачет', 2, 2, 7, 9, 19, 40),
(89, '4(Хорошо)', 3, 2, 7, 9, 20, 40),
(90, '4(Хорошо)', 1, 2, 8, 9, 12, 25),
(91, '5(Отлично)', 1, 2, 8, 9, 17, 35),
(92, '4(Хорошо)', 1, 2, 8, 9, 18, 35),
(93, '5(Отлично)', 3, 2, 8, 9, 21, 40),
(94, '3(Удовлетворительно)', 1, 2, 7, 10, 11, 15),
(95, '4(Хорошо)', 1, 2, 7, 10, 13, 10),
(96, 'Незачет', 2, 2, 7, 10, 14, 20),
(97, '3(Удовлетворительно)', 1, 2, 7, 10, 15, 25),
(98, '4(Хорошо)', 1, 2, 7, 10, 16, 35),
(99, 'Незачет', 2, 2, 7, 10, 19, 40),
(100, '3(Удовлетворительно)', 3, 2, 7, 10, 20, 40),
(101, '4(Хорошо)', 1, 2, 8, 10, 12, 25),
(102, '3(Удовлетворительно)', 1, 2, 8, 10, 17, 35),
(103, '4(Хорошо)', 1, 2, 8, 10, 18, 35),
(104, '4(Хорошо)', 3, 2, 8, 10, 21, 40),
(105, '5(Отлично)', 1, 2, 7, 11, 11, 15),
(106, '4(Хорошо)', 1, 2, 7, 11, 13, 10),
(107, 'Незачет', 2, 2, 7, 11, 14, 20),
(108, '5(Отлично)', 1, 2, 7, 11, 15, 25),
(109, '4(Хорошо)', 1, 2, 7, 11, 16, 35),
(110, 'Незачет', 2, 2, 7, 11, 19, 40),
(111, '5(Отлично)', 3, 2, 7, 11, 20, 40),
(112, '4(Хорошо)', 1, 2, 8, 11, 12, 25),
(113, '5(Отлично)', 1, 2, 8, 11, 17, 35),
(114, '4(Хорошо)', 1, 2, 8, 11, 18, 35),
(115, '5(Отлично)', 3, 2, 8, 11, 21, 40),
(116, '4(Хорошо)', 1, 2, 7, 12, 11, 15),
(117, '3(Удовлетворительно)', 1, 2, 7, 12, 13, 10),
(118, 'Незачет', 2, 2, 7, 12, 14, 20),
(119, '4(Хорошо)', 1, 2, 7, 12, 15, 25),
(120, '3(Удовлетворительно)', 1, 2, 7, 12, 16, 35),
(121, 'Незачет', 2, 2, 7, 12, 19, 40),
(122, '4(Хорошо)', 3, 2, 7, 12, 20, 40),
(123, '3(Удовлетворительно)', 1, 2, 8, 12, 12, 25),
(124, '4(Хорошо)', 1, 2, 8, 12, 17, 35),
(125, '3(Удовлетворительно)', 1, 2, 8, 12, 18, 35),
(126, '4(Хорошо)', 3, 2, 8, 12, 21, 40),
(127, '3(Удовлетворительно)', 1, 2, 7, 13, 11, 15),
(128, '4(Хорошо)', 1, 2, 7, 13, 13, 10),
(129, 'Незачет', 2, 2, 7, 13, 14, 20),
(130, '3(Удовлетворительно)', 1, 2, 7, 13, 15, 25),
(131, '4(Хорошо)', 1, 2, 7, 13, 16, 35),
(132, 'Незачет', 2, 2, 7, 13, 19, 40),
(133, '3(Удовлетворительно)', 3, 2, 7, 13, 20, 40),
(134, '4(Хорошо)', 1, 2, 8, 13, 12, 25),
(135, '3(Удовлетворительно)', 1, 2, 8, 13, 17, 35),
(136, '4(Хорошо)', 1, 2, 8, 13, 18, 35),
(137, '3(Удовлетворительно)', 3, 2, 8, 13, 21, 40),
(138, '4(Хорошо)', 1, 3, 7, 14, 34, 10),
(139, '4(Хорошо)', 1, 3, 7, 14, 35, 15),
(140, '5(Отлично)', 1, 3, 7, 14, 40, 25),
(141, '4(Хорошо)', 1, 3, 7, 14, 43, 35),
(142, '5(Отлично)', 1, 3, 7, 14, 44, 35),
(143, '4(Хорошо)', 3, 3, 7, 14, 45, 40),
(144, 'Незачет', 2, 3, 8, 14, 33, 20),
(145, 'Незачет', 2, 3, 8, 14, 36, 20),
(146, '4(Хорошо)', 1, 3, 8, 14, 37, 25),
(147, '5(Отлично)', 1, 3, 8, 14, 38, 35),
(148, 'Незачет', 2, 3, 8, 14, 39, 20),
(149, '4(Хорошо)', 3, 3, 8, 14, 41, 40),
(150, '4(Хорошо)', 1, 3, 8, 14, 42, 35),
(151, '5(Отлично)', 3, 3, 8, 14, 46, 40),
(152, '5(Отлично)', 1, 3, 7, 15, 34, 10),
(153, '5(Отлично)', 1, 3, 7, 15, 35, 15),
(154, '5(Отлично)', 1, 3, 7, 15, 40, 25),
(155, '5(Отлично)', 1, 3, 7, 15, 43, 35),
(156, '5(Отлично)', 1, 3, 7, 15, 44, 35),
(157, '5(Отлично)', 3, 3, 7, 15, 45, 40),
(158, 'Незачет', 2, 3, 8, 15, 33, 20),
(159, 'Незачет', 2, 3, 8, 15, 36, 20),
(160, '5(Отлично)', 1, 3, 8, 15, 37, 25),
(161, '5(Отлично)', 1, 3, 8, 15, 38, 35),
(162, 'Незачет', 2, 3, 8, 15, 39, 20),
(163, '5(Отлично)', 3, 3, 8, 15, 41, 40),
(164, '5(Отлично)', 1, 3, 8, 15, 42, 35),
(165, '5(Отлично)', 3, 3, 8, 15, 46, 40),
(166, '3(Удовлетворительно)', 1, 3, 7, 16, 34, 10),
(167, '4(Хорошо)', 1, 3, 7, 16, 35, 15),
(168, '4(Хорошо)', 1, 3, 7, 16, 40, 25),
(169, '3(Удовлетворительно)', 1, 3, 7, 16, 43, 35),
(170, '4(Хорошо)', 1, 3, 7, 16, 44, 35),
(171, '4(Хорошо)', 3, 3, 7, 16, 45, 40),
(172, 'Незачет', 2, 3, 8, 16, 33, 20),
(173, 'Незачет', 2, 3, 8, 16, 36, 20),
(174, '4(Хорошо)', 1, 3, 8, 16, 37, 25),
(175, '3(Удовлетворительно)', 1, 3, 8, 16, 38, 35),
(176, 'Незачет', 2, 3, 8, 16, 39, 20),
(177, '4(Хорошо)', 3, 3, 8, 16, 41, 40),
(178, '3(Удовлетворительно)', 1, 3, 8, 16, 42, 35),
(179, '4(Хорошо)', 3, 3, 8, 16, 46, 40),
(180, '4(Хорошо)', 1, 3, 7, 17, 34, 10),
(181, '3(Удовлетворительно)', 1, 3, 7, 17, 35, 15),
(182, '4(Хорошо)', 1, 3, 7, 17, 40, 25),
(183, '3(Удовлетворительно)', 1, 3, 7, 17, 43, 35),
(184, '4(Хорошо)', 1, 3, 7, 17, 44, 35),
(185, '4(Хорошо)', 3, 3, 7, 17, 45, 40),
(186, 'Незачет', 2, 3, 8, 17, 33, 20),
(187, 'Незачет', 2, 3, 8, 17, 36, 20),
(188, '3(Удовлетворительно)', 1, 3, 8, 17, 37, 25),
(189, '4(Хорошо)', 1, 3, 8, 17, 38, 35),
(190, 'Незачет', 2, 3, 8, 17, 39, 20),
(191, '4(Хорошо)', 3, 3, 8, 17, 41, 40),
(192, '3(Удовлетворительно)', 1, 3, 8, 17, 42, 35),
(193, '4(Хорошо)', 3, 3, 8, 17, 46, 40),
(194, '5(Отлично)', 1, 3, 7, 18, 34, 10),
(195, '4(Хорошо)', 1, 3, 7, 18, 35, 15),
(196, '5(Отлично)', 1, 3, 7, 18, 40, 25),
(197, '4(Хорошо)', 1, 3, 7, 18, 43, 35),
(198, '5(Отлично)', 1, 3, 7, 18, 44, 35),
(199, '5(Отлично)', 3, 3, 7, 18, 45, 40),
(200, 'Незачет', 2, 3, 8, 18, 33, 20),
(201, 'Незачет', 2, 3, 8, 18, 36, 20),
(202, '4(Хорошо)', 1, 3, 8, 18, 37, 25),
(203, '5(Отлично)', 1, 3, 8, 18, 38, 35),
(204, 'Незачет', 2, 3, 8, 18, 39, 20),
(205, '5(Отлично)', 3, 3, 8, 18, 41, 40),
(206, '4(Хорошо)', 1, 3, 8, 18, 42, 35),
(207, '5(Отлично)', 3, 3, 8, 18, 46, 40),
(208, '3(Удовлетворительно)', 1, 3, 7, 19, 34, 10),
(209, '3(Удовлетворительно)', 1, 3, 7, 19, 35, 15),
(210, '4(Хорошо)', 1, 3, 7, 19, 40, 25),
(211, '3(Удовлетворительно)', 1, 3, 7, 19, 43, 35),
(212, '4(Хорошо)', 1, 3, 7, 19, 44, 35),
(213, '4(Хорошо)', 3, 3, 7, 19, 45, 40),
(214, 'Незачет', 2, 3, 8, 19, 33, 20),
(215, 'Незачет', 2, 3, 8, 19, 36, 20),
(216, '3(Удовлетворительно)', 1, 3, 8, 19, 37, 25),
(217, '4(Хорошо)', 1, 3, 8, 19, 38, 35),
(218, 'Незачет', 2, 3, 8, 19, 39, 20),
(219, '4(Хорошо)', 3, 3, 8, 19, 41, 40),
(220, '3(Удовлетворительно)', 1, 3, 8, 19, 42, 35),
(221, '4(Хорошо)', 3, 3, 8, 19, 46, 40),
(222, '4(Хорошо)', 1, 4, 7, 20, 24, 10),
(223, 'Незачет', 2, 4, 7, 20, 25, 30),
(224, '5(Отлично)', 1, 4, 7, 20, 27, 35),
(225, 'Незачет', 2, 4, 7, 20, 30, 40),
(226, '4(Хорошо)', 1, 4, 8, 20, 22, 15),
(227, '4(Хорошо)', 1, 4, 8, 20, 23, 25),
(228, 'Незачет', 2, 4, 8, 20, 26, 20),
(229, '5(Отлично)', 1, 4, 8, 20, 28, 35),
(230, 'Незачет', 2, 4, 8, 20, 29, 40),
(231, '4(Хорошо)', 3, 4, 8, 20, 31, 40),
(232, '5(Отлично)', 3, 4, 8, 20, 32, 40),
(233, '5(Отлично)', 1, 4, 7, 21, 24, 10),
(234, 'Незачет', 2, 4, 7, 21, 25, 30),
(235, '5(Отлично)', 1, 4, 7, 21, 27, 35),
(236, 'Незачет', 2, 4, 7, 21, 30, 40),
(237, '4(Хорошо)', 1, 4, 8, 21, 22, 15),
(238, '5(Отлично)', 1, 4, 8, 21, 23, 25),
(239, 'Незачет', 2, 4, 8, 21, 26, 20),
(240, '5(Отлично)', 1, 4, 8, 21, 28, 35),
(241, 'Незачет', 2, 4, 8, 21, 29, 40),
(242, '5(Отлично)', 3, 4, 8, 21, 31, 40),
(243, '5(Отлично)', 3, 4, 8, 21, 32, 40),
(244, '3(Удовлетворительно)', 1, 4, 7, 22, 24, 10),
(245, 'Незачет', 2, 4, 7, 22, 25, 30),
(246, '4(Хорошо)', 1, 4, 7, 22, 27, 35),
(247, 'Незачет', 2, 4, 7, 22, 30, 40),
(248, '3(Удовлетворительно)', 1, 4, 8, 22, 22, 15),
(249, '4(Хорошо)', 1, 4, 8, 22, 23, 25),
(250, 'Незачет', 2, 4, 8, 22, 26, 20),
(251, '4(Хорошо)', 1, 4, 8, 22, 28, 35),
(252, 'Незачет', 2, 4, 8, 22, 29, 40),
(253, '4(Хорошо)', 3, 4, 8, 22, 31, 40),
(254, '4(Хорошо)', 3, 4, 8, 22, 32, 40),
(255, '5(Отлично)', 1, 4, 7, 23, 24, 10),
(256, 'Незачет', 2, 4, 7, 23, 25, 30),
(257, '5(Отлично)', 1, 4, 7, 23, 27, 35),
(258, 'Незачет', 2, 4, 7, 23, 30, 40),
(259, '5(Отлично)', 1, 4, 8, 23, 22, 15),
(260, '5(Отлично)', 1, 4, 8, 23, 23, 25),
(261, 'Незачет', 2, 4, 8, 23, 26, 20),
(262, '5(Отлично)', 1, 4, 8, 23, 28, 35),
(263, 'Незачет', 2, 4, 8, 23, 29, 40),
(264, '5(Отлично)', 3, 4, 8, 23, 31, 40),
(265, '5(Отлично)', 3, 4, 8, 23, 32, 40),
(266, '4(Хорошо)', 1, 4, 7, 24, 24, 10),
(267, 'Незачет', 2, 4, 7, 24, 25, 30),
(268, '4(Хорошо)', 1, 4, 7, 24, 27, 35),
(269, 'Незачет', 2, 4, 7, 24, 30, 40),
(270, '3(Удовлетворительно)', 1, 4, 8, 24, 22, 15),
(271, '4(Хорошо)', 1, 4, 8, 24, 23, 25),
(272, 'Незачет', 2, 4, 8, 24, 26, 20),
(273, '4(Хорошо)', 1, 4, 8, 24, 28, 35),
(274, 'Незачет', 2, 4, 8, 24, 29, 40),
(275, '4(Хорошо)', 3, 4, 8, 24, 31, 40),
(276, '4(Хорошо)', 3, 4, 8, 24, 32, 40),
(277, '3(Удовлетворительно)', 1, 4, 7, 25, 24, 10),
(278, 'Незачет', 2, 4, 7, 25, 25, 30),
(279, '4(Хорошо)', 1, 4, 7, 25, 27, 35),
(280, 'Незачет', 2, 4, 7, 25, 30, 40),
(281, '3(Удовлетворительно)', 1, 4, 8, 25, 22, 15),
(282, '3(Удовлетворительно)', 1, 4, 8, 25, 23, 25),
(283, 'Незачет', 2, 4, 8, 25, 26, 20),
(284, '4(Хорошо)', 1, 4, 8, 25, 28, 35),
(285, 'Незачет', 2, 4, 8, 25, 29, 40),
(286, '4(Хорошо)', 3, 4, 8, 25, 31, 40);